Game_ID,GAME_DATE,SCORES,PREDICTED,ACTUAL,TEAMS
0022500698,2026-01-31T00:00:00,"[('IND', 3.27), ('ATL', 14.52)]",ATL,IND,"['IND', 'ATL']"
0022500728,2026-02-04T00:00:00,"[('BOS', 6.49), ('HOU', 11.94)]",HOU,BOS,"['BOS', 'HOU']"
0022500710,2026-02-01T00:00:00,"[('CLE', 13.85), ('POR', 4.37)]",CLE,CLE,"['CLE', 'POR']"
0022500699,2026-01-31T00:00:00,"[('PHI', 12.75), ('NOP', 2.0)]",PHI,PHI,"['PHI', 'NOP']"
0022500722,2026-02-03T00:00:00,"[('MIL', 3.7), ('CHI', 14.17)]",CHI,MIL,"['MIL', 'CHI']"
0022500738,2026-02-05T00:00:00,"[('SAS', 16.61), ('DAL', 2.61)]",SAS,SAS,"['SAS', 'DAL']"
0022500716,2026-02-03T00:00:00,"[('DET', 17.97), ('DEN', 6.48)]",DET,DET,"['DET', 'DEN']"
0022500724,2026-02-03T00:00:00,"[('PHI', 5.91), ('GSW', 6.7)]",GSW,PHI,"['PHI', 'GSW']"
0022500748,2026-02-07T00:00:00,"[('HOU', 11.04), ('OKC', 13.92)]",OKC,HOU,"['HOU', 'OKC']"
0022500746,2026-02-06T00:00:00,"[('LAC', 14.860000000000001), ('SAC', 4.2700000000000005)]",LAC,LAC,"['LAC', 'SAC']"
0022500753,2026-02-07T00:00:00,"[('LAL', 7.03), ('GSW', 11.56)]",GSW,LAL,"['LAL', 'GSW']"
0022500705,2026-02-01T00:00:00,"[('MIA', 9.82), ('CHI', 3.92)]",MIA,MIA,"['MIA', 'CHI']"
0022500764,2026-02-09T00:00:00,"[('ORL', 16.72), ('MIL', 1.69)]",ORL,ORL,"['ORL', 'MIL']"
0022500714,2026-02-02T00:00:00,"[('MEM', 3.61), ('MIN', 11.3)]",MIN,MEM,"['MEM', 'MIN']"
0022500747,2026-02-07T00:00:00,"[('BKN', 10.31), ('WAS', 6.42)]",BKN,BKN,"['BKN', 'WAS']"
0022500726,2026-02-04T00:00:00,"[('NYK', 11.39), ('DEN', 4.09)]",NYK,NYK,"['NYK', 'DEN']"
0022500750,2026-02-07T00:00:00,"[('ORL', 17.61), ('UTA', 2.79)]",ORL,ORL,"['ORL', 'UTA']"
0022500717,2026-02-03T00:00:00,"[('UTA', 8.66), ('IND', 7.9)]",UTA,UTA,"['UTA', 'IND']"
0022500740,2026-02-05T00:00:00,"[('LAL', 6.04), ('PHI', 9.4)]",PHI,LAL,"['LAL', 'PHI']"
0022500725,2026-02-03T00:00:00,"[('PHX', 13.01), ('POR', 6.4)]",PHX,PHX,"['PHX', 'POR']"
0022500707,2026-02-01T00:00:00,"[('WAS', 4.99), ('SAC', 6.88)]",SAC,WAS,"['WAS', 'SAC']"
0022500723,2026-02-03T00:00:00,"[('OKC', 16.85), ('ORL', 6.76)]",OKC,OKC,"['OKC', 'ORL']"
0022500706,2026-02-01T00:00:00,"[('TOR', 19.0), ('UTA', 2.97)]",TOR,TOR,"['TOR', 'UTA']"
0022500755,2026-02-07T00:00:00,"[('POR', 5.56), ('MEM', 9.89)]",MEM,POR,"['POR', 'MEM']"
0022500742,2026-02-06T00:00:00,"[('DET', 11.33), ('NYK', 6.37)]",DET,DET,"['DET', 'NYK']"
0022500712,2026-02-02T00:00:00,"[('CHA', 19.15), ('NOP', 6.12)]",CHA,CHA,"['CHA', 'NOP']"
0022500720,2026-02-03T00:00:00,"[('ATL', 2.7), ('MIA', 9.86)]",MIA,ATL,"['ATL', 'MIA']"
0022500741,2026-02-06T00:00:00,"[('BOS', 15.23), ('MIA', 10.82)]",BOS,BOS,"['BOS', 'MIA']"
0022500732,2026-02-04T00:00:00,"[('CLE', 13.83), ('LAC', 4.890000000000001)]",CLE,CLE,"['CLE', 'LAC']"
0022500736,2026-02-05T00:00:00,"[('TOR', 12.45), ('CHI', 5.38)]",TOR,TOR,"['TOR', 'CHI']"
0022500749,2026-02-07T00:00:00,"[('SAS', 17.04), ('DAL', 2.5)]",SAS,SAS,"['SAS', 'DAL']"
0022500739,2026-02-05T00:00:00,"[('GSW', 5.79), ('PHX', 6.18)]",PHX,GSW,"['GSW', 'PHX']"
0022500772,2026-02-10T00:00:00,"[('HOU', 18.14), ('LAC', 1.34)]",HOU,HOU,"['HOU', 'LAC']"
0022500760,2026-02-08T00:00:00,"[('LAC', 3.7800000000000002), ('MIN', 15.4)]",MIN,LAC,"['LAC', 'MIN']"
0022500769,2026-02-09T00:00:00,"[('OKC', 19.97), ('LAL', 6.31)]",OKC,OKC,"['OKC', 'LAL']"
0022500777,2026-02-11T00:00:00,"[('MIL', 1.5), ('ORL', 17.09)]",ORL,MIL,"['MIL', 'ORL']"
0022500727,2026-02-04T00:00:00,"[('MIN', 7.75), ('TOR', 4.97)]",MIN,MIN,"['MIN', 'TOR']"
0022500762,2026-02-09T00:00:00,"[('BKN', 7.0), ('CHI', 15.81)]",CHI,BKN,"['BKN', 'CHI']"
0022500743,2026-02-06T00:00:00,"[('MIL', 7.37), ('IND', 7.14)]",MIL,MIL,"['MIL', 'IND']"
0022500754,2026-02-07T00:00:00,"[('PHI', 5.8), ('PHX', 6.41)]",PHX,PHI,"['PHI', 'PHX']"
0022500745,2026-02-06T00:00:00,"[('POR', 5.74), ('MEM', 9.89)]",MEM,POR,"['POR', 'MEM']"
0022500731,2026-02-04T00:00:00,"[('MEM', 17.44), ('SAC', 1.23)]",MEM,MEM,"['MEM', 'SAC']"
0022500730,2026-02-04T00:00:00,"[('SAS', 6.95), ('OKC', 12.79)]",OKC,SAS,"['SAS', 'OKC']"
0022500735,2026-02-05T00:00:00,"[('ATL', 15.4), ('UTA', 4.9)]",ATL,ATL,"['ATL', 'UTA']"
0022500768,2026-02-09T00:00:00,"[('GSW', 8.04), ('MEM', 5.99)]",GSW,GSW,"['GSW', 'MEM']"
0022500758,2026-02-08T00:00:00,"[('MIA', 23.29), ('WAS', 1.52)]",MIA,MIA,"['MIA', 'WAS']"
0022500761,2026-02-09T00:00:00,"[('DET', 14.75), ('CHA', 7.28)]",DET,DET,"['DET', 'CHA']"
0022500737,2026-02-05T00:00:00,"[('CHA', 4.81), ('HOU', 11.91)]",HOU,CHA,"['CHA', 'HOU']"
0022500757,2026-02-08T00:00:00,"[('NYK', 6.17), ('BOS', 6.69)]",BOS,NYK,"['NYK', 'BOS']"
0022500756,2026-02-07T00:00:00,"[('CLE', 21.77), ('SAC', 0.56)]",CLE,CLE,"['CLE', 'SAC']"
0022500729,2026-02-04T00:00:00,"[('MIL', 8.34), ('NOP', 11.66)]",NOP,MIL,"['MIL', 'NOP']"
0022500752,2026-02-07T00:00:00,"[('DEN', 12.74), ('CHI', 7.59)]",DEN,DEN,"['DEN', 'CHI']"
0022500773,2026-02-10T00:00:00,"[('PHX', 14.9), ('DAL', 8.48)]",PHX,PHX,"['PHX', 'DAL']"
0022500782,2026-02-11T00:00:00,"[('LAC', 1.42), ('HOU', 17.51)]",HOU,LAC,"['LAC', 'HOU']"
0022500774,2026-02-10T00:00:00,"[('SAS', 15.04), ('LAL', 4.0200000000000005)]",SAS,SAS,"['SAS', 'LAL']"
0022500789,2026-02-12T00:00:00,"[('MIL', 1.27), ('OKC', 24.88)]",OKC,MIL,"['MIL', 'OKC']"
0022500744,2026-02-06T00:00:00,"[('NOP', 3.37), ('MIN', 17.9)]",MIN,NOP,"['NOP', 'MIN']"
0022500779,2026-02-11T00:00:00,"[('IND', 7.5200000000000005), ('BKN', 7.45)]",IND,IND,"['IND', 'BKN']"
0022500759,2026-02-08T00:00:00,"[('TOR', 18.66), ('IND', 2.74)]",TOR,TOR,"['TOR', 'IND']"
0022500770,2026-02-09T00:00:00,"[('POR', 5.46), ('PHI', 11.53)]",PHI,POR,"['POR', 'PHI']"
0022500787,2026-02-11T00:00:00,"[('DEN', 10.459999999999999), ('MEM', 7.22)]",DEN,DEN,"['DEN', 'MEM']"
0022500776,2026-02-11T00:00:00,"[('CLE', 23.77), ('WAS', 0.54)]",CLE,CLE,"['CLE', 'WAS']"
0022500781,2026-02-11T00:00:00,"[('DET', 15.98), ('TOR', 4.48)]",DET,DET,"['DET', 'TOR']"
0022500751,2026-02-07T00:00:00,"[('CHA', 15.9), ('ATL', 8.33)]",CHA,CHA,"['CHA', 'ATL']"
0022500778,2026-02-11T00:00:00,"[('BOS', 18.8), ('CHI', 7.32)]",BOS,BOS,"['BOS', 'CHI']"
0022500767,2026-02-09T00:00:00,"[('CLE', 8.45), ('DEN', 5.99)]",CLE,CLE,"['CLE', 'DEN']"
0022500791,2026-02-12T00:00:00,"[('LAL', 9.51), ('DAL', 6.96)]",LAL,LAL,"['LAL', 'DAL']"
0022500792,2026-02-19T00:00:00,"[('HOU', 11.24), ('CHA', 4.91)]",HOU,HOU,"['HOU', 'CHA']"
0022500807,2026-02-20T00:00:00,"[('MIL', 8.58), ('NOP', 11.46)]",NOP,MIL,"['MIL', 'NOP']"
0022500793,2026-02-19T00:00:00,"[('CLE', 18.75), ('BKN', 2.07)]",CLE,CLE,"['CLE', 'BKN']"
0022500771,2026-02-10T00:00:00,"[('IND', 2.41), ('NYK', 22.34)]",NYK,IND,"['IND', 'NYK']"
0022500800,2026-02-19T00:00:00,"[('ORL', 19.509999999999998), ('SAC', 0.49)]",ORL,ORL,"['ORL', 'SAC']"
0022500780,2026-02-11T00:00:00,"[('NYK', 12.21), ('PHI', 4.69)]",NYK,NYK,"['NYK', 'PHI']"
0022500788,2026-02-11T00:00:00,"[('SAS', 13.35), ('GSW', 4.71)]",SAS,SAS,"['SAS', 'GSW']"
0022500763,2026-02-09T00:00:00,"[('UTA', 3.02), ('MIA', 18.84)]",MIA,UTA,"['UTA', 'MIA']"
0022500804,2026-02-20T00:00:00,"[('MEM', 13.54), ('UTA', 2.31)]",MEM,MEM,"['MEM', 'UTA']"
0022500795,2026-02-19T00:00:00,"[('WAS', 4.9), ('IND', 10.57)]",IND,WAS,"['WAS', 'IND']"
0022500796,2026-02-19T00:00:00,"[('DET', 13.020000000000001), ('NYK', 6.09)]",DET,DET,"['DET', 'NYK']"
0022500765,2026-02-09T00:00:00,"[('MIN', 13.74), ('ATL', 5.99)]",MIN,MIN,"['MIN', 'ATL']"
0022500799,2026-02-19T00:00:00,"[('BOS', 14.15), ('GSW', 6.97)]",BOS,BOS,"['BOS', 'GSW']"
0022500766,2026-02-09T00:00:00,"[('NOP', 10.94), ('SAC', 2.21)]",NOP,NOP,"['NOP', 'SAC']"
0022500806,2026-02-20T00:00:00,"[('MIN', 15.11), ('DAL', 3.4099999999999997)]",MIN,MIN,"['MIN', 'DAL']"
0022500816,2026-02-21T00:00:00,"[('NYK', 6.47), ('HOU', 10.55)]",HOU,NYK,"['NYK', 'HOU']"
0022500801,2026-02-19T00:00:00,"[('LAC', 5.38), ('DEN', 11.92)]",DEN,LAC,"['LAC', 'DEN']"
0022500809,2026-02-20T00:00:00,"[('LAL', 6.96), ('LAC', 3.27)]",LAL,LAL,"['LAL', 'LAC']"
0022500819,2026-02-22T00:00:00,"[('TOR', 18.89), ('MIL', 1.79)]",TOR,TOR,"['TOR', 'MIL']"
0022500808,2026-02-20T00:00:00,"[('OKC', 24.84), ('BKN', 3.77)]",OKC,OKC,"['OKC', 'BKN']"
0022500811,2026-02-21T00:00:00,"[('PHX', 7.15), ('ORL', 8.27)]",ORL,PHX,"['PHX', 'ORL']"
0022500794,2026-02-19T00:00:00,"[('ATL', 6.24), ('PHI', 8.39)]",PHI,ATL,"['ATL', 'PHI']"
0022500785,2026-02-11T00:00:00,"[('OKC', 16.66), ('PHX', 5.1899999999999995)]",OKC,OKC,"['OKC', 'PHX']"
0022500783,2026-02-11T00:00:00,"[('MIN', 13.65), ('POR', 4.64)]",MIN,MIN,"['MIN', 'POR']"
0022500798,2026-02-19T00:00:00,"[('SAS', 14.12), ('PHX', 5.43)]",SAS,SAS,"['SAS', 'PHX']"
0022500786,2026-02-11T00:00:00,"[('UTA', 10.62), ('SAC', 6.1499999999999995)]",UTA,UTA,"['UTA', 'SAC']"
0022500813,2026-02-21T00:00:00,"[('MIA', 9.459999999999999), ('MEM', 3.2600000000000002)]",MIA,MIA,"['MIA', 'MEM']"
0022500803,2026-02-20T00:00:00,"[('WAS', 5.15), ('IND', 10.13)]",IND,WAS,"['WAS', 'IND']"
0022500814,2026-02-21T00:00:00,"[('DET', 23.62), ('CHI', 7.0200000000000005)]",DET,DET,"['DET', 'CHI']"
0022500775,2026-02-11T00:00:00,"[('CHA', 15.92), ('ATL', 8.63)]",CHA,CHA,"['CHA', 'ATL']"
0022500823,2026-02-22T00:00:00,"[('BOS', 17.2), ('LAL', 7.71)]",BOS,BOS,"['BOS', 'LAL']"
0022500784,2026-02-11T00:00:00,"[('MIA', 15.56), ('NOP', 3.16)]",MIA,MIA,"['MIA', 'NOP']"
0022500797,2026-02-19T00:00:00,"[('TOR', 13.69), ('CHI', 4.59)]",TOR,TOR,"['TOR', 'CHI']"
0022500821,2026-02-22T00:00:00,"[('DAL', 11.74), ('IND', 3.35)]",DAL,DAL,"['DAL', 'IND']"
0022500830,2026-02-23T00:00:00,"[('HOU', 24.09), ('UTA', 5.37)]",HOU,HOU,"['HOU', 'UTA']"
0022500837,2026-02-24T00:00:00,"[('MIL', 3.7), ('MIA', 19.53)]",MIA,MIL,"['MIL', 'MIA']"
0022500818,2026-02-22T00:00:00,"[('ATL', 16.11), ('BKN', 6.31)]",ATL,ATL,"['ATL', 'BKN']"
0022500827,2026-02-22T00:00:00,"[('ORL', 11.63), ('LAC', 4.66)]",ORL,ORL,"['ORL', 'LAC']"
0022500812,2026-02-21T00:00:00,"[('NOP', 2.2399999999999998), ('PHI', 10.11)]",PHI,NOP,"['NOP', 'PHI']"
0022500790,2026-02-12T00:00:00,"[('POR', 13.85), ('UTA', 7.14)]",POR,POR,"['POR', 'UTA']"
0022500815,2026-02-21T00:00:00,"[('SAS', 25.79), ('SAC', 0.65)]",SAS,SAS,"['SAS', 'SAC']"
0022500829,2026-02-23T00:00:00,"[('SAC', 1.32), ('MEM', 16.71)]",MEM,SAC,"['SAC', 'MEM']"
0022500822,2026-02-22T00:00:00,"[('CHA', 23.78), ('WAS', 3.43)]",CHA,CHA,"['CHA', 'WAS']"
0022500828,2026-02-23T00:00:00,"[('SAS', 6.87), ('DET', 12.32)]",DET,SAS,"['SAS', 'DET']"
0022500839,2026-02-24T00:00:00,"[('BOS', 14.57), ('PHX', 5.38)]",BOS,BOS,"['BOS', 'PHX']"
0022500802,2026-02-20T00:00:00,"[('CLE', 9.620000000000001), ('CHA', 8.64)]",CLE,CLE,"['CLE', 'CHA']"
0022500833,2026-02-24T00:00:00,"[('DAL', 13.74), ('BKN', 5.97)]",DAL,DAL,"['DAL', 'BKN']"
0022500810,2026-02-20T00:00:00,"[('DEN', 15.02), ('POR', 8.55)]",DEN,DEN,"['DEN', 'POR']"
0022500820,2026-02-22T00:00:00,"[('GSW', 8.1), ('DEN', 10.6)]",DEN,GSW,"['GSW', 'DEN']"
0022500845,2026-02-25T00:00:00,"[('HOU', 26.48), ('SAC', 1.76)]",HOU,HOU,"['HOU', 'SAC']"
0022500840,2026-02-24T00:00:00,"[('ORL', 9.92), ('LAL', 4.08)]",ORL,ORL,"['ORL', 'LAL']"
0022500805,2026-02-20T00:00:00,"[('MIA', 10.63), ('ATL', 2.73)]",MIA,MIA,"['MIA', 'ATL']"
0022500846,2026-02-25T00:00:00,"[('MIL', 0.66), ('CLE', 19.28)]",CLE,MIL,"['MIL', 'CLE']"
0022500824,2026-02-22T00:00:00,"[('PHI', 2.53), ('MIN', 10.5)]",MIN,PHI,"['PHI', 'MIN']"
0022500844,2026-02-25T00:00:00,"[('GSW', 7.65), ('MEM', 5.7700000000000005)]",GSW,GSW,"['GSW', 'MEM']"
0022500832,2026-02-24T00:00:00,"[('ATL', 17.79), ('WAS', 2.44)]",ATL,ATL,"['ATL', 'WAS']"
0022500842,2026-02-25T00:00:00,"[('DET', 11.2), ('OKC', 9.56)]",DET,DET,"['DET', 'OKC']"
0022500847,2026-02-25T00:00:00,"[('DEN', 6.5), ('BOS', 13.3)]",BOS,DEN,"['DEN', 'BOS']"
0022500817,2026-02-22T00:00:00,"[('OKC', 12.74), ('CLE', 5.98)]",OKC,OKC,"['OKC', 'CLE']"
0022500825,2026-02-22T00:00:00,"[('NYK', 17.23), ('CHI', 4.68)]",NYK,NYK,"['NYK', 'CHI']"
0022500854,2026-02-26T00:00:00,"[('SAC', 3.13), ('DAL', 15.74)]",DAL,SAC,"['SAC', 'DAL']"
0022500838,2026-02-24T00:00:00,"[('NOP', 5.85), ('GSW', 14.84)]",GSW,NOP,"['NOP', 'GSW']"
0022500852,2026-02-26T00:00:00,"[('HOU', 16.06), ('ORL', 6.890000000000001)]",HOU,HOU,"['HOU', 'ORL']"
0022500857,2026-02-26T00:00:00,"[('MIN', 14.75), ('LAC', 3.87)]",MIN,MIN,"['MIN', 'LAC']"
0022500855,2026-02-26T00:00:00,"[('PHX', 10.07), ('LAL', 7.1000000000000005)]",PHX,PHX,"['PHX', 'LAL']"
0022500860,2026-02-27T00:00:00,"[('NYK', 21.259999999999998), ('MIL', 0.47000000000000003)]",NYK,NYK,"['NYK', 'MIL']"
0022500851,2026-02-26T00:00:00,"[('SAS', 23.29), ('BKN', 0.97)]",SAS,SAS,"['SAS', 'BKN']"
0022500831,2026-02-24T00:00:00,"[('PHI', 16.17), ('IND', 3.15)]",PHI,PHI,"['PHI', 'IND']"
0022500826,2026-02-22T00:00:00,"[('POR', 6.95), ('PHX', 11.74)]",PHX,POR,"['POR', 'PHX']"
0022500843,2026-02-25T00:00:00,"[('SAS', 10.19), ('TOR', 4.0200000000000005)]",SAS,SAS,"['SAS', 'TOR']"
0022500834,2026-02-24T00:00:00,"[('OKC', 14.38), ('TOR', 6.45)]",OKC,OKC,"['OKC', 'TOR']"
0022500861,2026-02-27T00:00:00,"[('MEM', 7.9), ('DAL', 5.05)]",MEM,MEM,"['MEM', 'DAL']"
0022500850,2026-02-26T00:00:00,"[('ATL', 18.09), ('WAS', 2.03)]",ATL,ATL,"['ATL', 'WAS']"
0022500858,2026-02-27T00:00:00,"[('DET', 14.52), ('CLE', 4.88)]",DET,DET,"['DET', 'CLE']"
0022500859,2026-02-27T00:00:00,"[('BOS', 23.0), ('BKN', 3.44)]",BOS,BOS,"['BOS', 'BKN']"
0022500835,2026-02-24T00:00:00,"[('CLE', 4.79), ('NYK', 7.32)]",NYK,CLE,"['CLE', 'NYK']"
0022500836,2026-02-24T00:00:00,"[('CHA', 16.12), ('CHI', 5.92)]",CHA,CHA,"['CHA', 'CHI']"
0022500864,2026-02-28T00:00:00,"[('MIA', 9.98), ('HOU', 14.65)]",HOU,MIA,"['MIA', 'HOU']"
0022500877,2026-03-01T00:00:00,"[('LAC', 12.29), ('NOP', 8.38)]",LAC,LAC,"['LAC', 'NOP']"
0022500866,2026-02-28T00:00:00,"[('LAL', 7.05), ('GSW', 10.99)]",GSW,LAL,"['LAL', 'GSW']"
0022500870,2026-03-01T00:00:00,"[('CHI', 12.39), ('MIL', 4.33)]",CHI,CHI,"['CHI', 'MIL']"
0022500841,2026-02-24T00:00:00,"[('MIN', 14.18), ('POR', 4.46)]",MIN,MIN,"['MIN', 'POR']"
0022500875,2026-03-01T00:00:00,"[('DET', 17.18), ('ORL', 4.53)]",DET,DET,"['DET', 'ORL']"
0022500849,2026-02-26T00:00:00,"[('PHI', 4.77), ('MIA', 10.88)]",MIA,PHI,"['PHI', 'MIA']"
0022500856,2026-02-26T00:00:00,"[('NOP', 8.99), ('UTA', 5.1000000000000005)]",NOP,NOP,"['NOP', 'UTA']"
0022500872,2026-03-01T00:00:00,"[('MEM', 15.24), ('IND', 2.3)]",MEM,MEM,"['MEM', 'IND']"
0022500865,2026-02-28T00:00:00,"[('TOR', 23.66), ('WAS', 2.1)]",TOR,TOR,"['TOR', 'WAS']"
0022500874,2026-03-01T00:00:00,"[('BOS', 16.88), ('PHI', 7.02)]",BOS,BOS,"['BOS', 'PHI']"
0022500853,2026-02-26T00:00:00,"[('POR', 11.18), ('CHI', 9.49)]",POR,POR,"['POR', 'CHI']"
0022500876,2026-03-01T00:00:00,"[('OKC', 20.74), ('DAL', 4.4)]",OKC,OKC,"['OKC', 'DAL']"
0022500862,2026-02-27T00:00:00,"[('OKC', 14.07), ('DEN', 5.75)]",OKC,OKC,"['OKC', 'DEN']"
0022500879,2026-03-02T00:00:00,"[('HOU', 28.099999999999998), ('WAS', 2.02)]",HOU,HOU,"['HOU', 'WAS']"
0022500882,2026-03-02T00:00:00,"[('LAC', 5.67), ('GSW', 10.36)]",GSW,LAC,"['LAC', 'GSW']"
0022500878,2026-03-01T00:00:00,"[('LAL', 16.71), ('SAC', 2.7)]",LAL,LAL,"['LAL', 'SAC']"
0022500880,2026-03-02T00:00:00,"[('BOS', 23.29), ('MIL', 1.84)]",BOS,BOS,"['BOS', 'MIL']"
0022500869,2026-03-01T00:00:00,"[('CLE', 20.509999999999998), ('BKN', 1.38)]",CLE,CLE,"['CLE', 'BKN']"
0022500885,2026-03-03T00:00:00,"[('ORL', 21.34), ('WAS', 1.49)]",ORL,ORL,"['ORL', 'WAS']"
0022500848,2026-02-26T00:00:00,"[('CHA', 21.12), ('IND', 3.66)]",CHA,CHA,"['CHA', 'IND']"
0022500868,2026-03-01T00:00:00,"[('NYK', 3.15), ('SAS', 6.430000000000001)]",SAS,NYK,"['NYK', 'SAS']"
0022500867,2026-02-28T00:00:00,"[('NOP', 9.16), ('UTA', 5.15)]",NOP,NOP,"['NOP', 'UTA']"
0022500890,2026-03-03T00:00:00,"[('MIN', 10.33), ('MEM', 3.21)]",MIN,MIN,"['MIN', 'MEM']"
0022500884,2026-03-03T00:00:00,"[('CLE', 4.84), ('DET', 15.14)]",DET,CLE,"['CLE', 'DET']"
0022500883,2026-03-03T00:00:00,"[('CHA', 17.41), ('DAL', 5.8)]",CHA,CHA,"['CHA', 'DAL']"
0022500871,2026-03-01T00:00:00,"[('MIN', 7.51), ('DEN', 5.65)]",MIN,MIN,"['MIN', 'DEN']"
0022500902,2026-03-05T00:00:00,"[('GSW', 6.68), ('HOU', 17.28)]",HOU,GSW,"['GSW', 'HOU']"
0022500898,2026-03-04T00:00:00,"[('LAC', 16.44), ('IND', 6.58)]",LAC,LAC,"['LAC', 'IND']"
0022500891,2026-03-03T00:00:00,"[('LAL', 12.68), ('NOP', 6.74)]",LAL,LAL,"['LAL', 'NOP']"
0022500897,2026-03-04T00:00:00,"[('ATL', 15.59), ('MIL', 3.17)]",ATL,ATL,"['ATL', 'MIL']"
0022500886,2026-03-03T00:00:00,"[('MIA', 21.89), ('BKN', 4.4)]",MIA,MIA,"['MIA', 'BKN']"
0022500899,2026-03-05T00:00:00,"[('ORL', 12.709999999999999), ('DAL', 4.19)]",ORL,ORL,"['ORL', 'DAL']"
0022500888,2026-03-03T00:00:00,"[('SAS', 14.02), ('PHI', 3.15)]",SAS,SAS,"['SAS', 'PHI']"
0022500892,2026-03-03T00:00:00,"[('PHX', 17.21), ('SAC', 2.99)]",PHX,PHX,"['PHX', 'SAC']"
0022500863,2026-02-28T00:00:00,"[('CHA', 15.72), ('POR', 5.25)]",CHA,CHA,"['CHA', 'POR']"
0022500887,2026-03-03T00:00:00,"[('NYK', 9.25), ('TOR', 5.38)]",NYK,NYK,"['NYK', 'TOR']"
0022500881,2026-03-02T00:00:00,"[('DEN', 19.05), ('UTA', 5.76)]",DEN,DEN,"['DEN', 'UTA']"
0022500896,2026-03-04T00:00:00,"[('POR', 6.55), ('MEM', 9.06)]",MEM,POR,"['POR', 'MEM']"
0022500904,2026-03-05T00:00:00,"[('SAS', 6.3), ('DET', 12.2)]",DET,SAS,"['SAS', 'DET']"
0022500873,2026-03-01T00:00:00,"[('ATL', 12.049999999999999), ('POR', 7.93)]",ATL,ATL,"['ATL', 'POR']"
0022500894,2026-03-04T00:00:00,"[('CHA', 7.46), ('BOS', 10.04)]",BOS,CHA,"['CHA', 'BOS']"
0022500889,2026-03-03T00:00:00,"[('OKC', 19.65), ('CHI', 4.82)]",OKC,OKC,"['OKC', 'CHI']"
0022500910,2026-03-06T00:00:00,"[('HOU', 20.04), ('POR', 3.61)]",HOU,HOU,"['HOU', 'POR']"
0022500913,2026-03-06T00:00:00,"[('SAS', 15.85), ('LAC', 2.59)]",SAS,SAS,"['SAS', 'LAC']"
0022500906,2026-03-05T00:00:00,"[('DEN', 9.92), ('LAL', 5.7)]",DEN,DEN,"['DEN', 'LAL']"
0022500919,2026-03-07T00:00:00,"[('MIL', 8.95), ('UTA', 11.71)]",UTA,MIL,"['MIL', 'UTA']"
0022500901,2026-03-05T00:00:00,"[('MIA', 21.9), ('BKN', 4.14)]",MIA,MIA,"['MIA', 'BKN']"
0022500915,2026-03-07T00:00:00,"[('ORL', 3.2600000000000002), ('MIN', 7.0600000000000005)]",MIN,ORL,"['ORL', 'MIN']"
0022500895,2026-03-04T00:00:00,"[('PHI', 13.94), ('UTA', 4.36)]",PHI,PHI,"['PHI', 'UTA']"
0022500905,2026-03-05T00:00:00,"[('CHI', 8.67), ('PHX', 13.79)]",PHX,CHI,"['CHI', 'PHX']"
0022500903,2026-03-05T00:00:00,"[('MIN', 7.5600000000000005), ('TOR', 5.37)]",MIN,MIN,"['MIN', 'TOR']"
0022500918,2026-03-07T00:00:00,"[('LAC', 8.47), ('MEM', 8.78)]",MEM,LAC,"['LAC', 'MEM']"
0022500900,2026-03-05T00:00:00,"[('UTA', 12.55), ('WAS', 3.77)]",UTA,UTA,"['UTA', 'WAS']"
0022500916,2026-03-07T00:00:00,"[('BKN', 2.9), ('DET', 28.11)]",DET,BKN,"['BKN', 'DET']"
0022500908,2026-03-06T00:00:00,"[('BOS', 21.91), ('DAL', 6.94)]",BOS,BOS,"['BOS', 'DAL']"
0022500920,2026-03-07T00:00:00,"[('OKC', 16.3), ('GSW', 4.67)]",OKC,OKC,"['OKC', 'GSW']"
0022500927,2026-03-08T00:00:00,"[('SAS', 8.49), ('HOU', 8.74)]",HOU,SAS,"['SAS', 'HOU']"
0022500914,2026-03-06T00:00:00,"[('LAL', 17.4), ('IND', 4.76)]",LAL,LAL,"['LAL', 'IND']"
0022500926,2026-03-08T00:00:00,"[('ORL', 18.23), ('MIL', 1.61)]",ORL,ORL,"['ORL', 'MIL']"
0022500893,2026-03-04T00:00:00,"[('OKC', 11.43), ('NYK', 8.17)]",OKC,OKC,"['OKC', 'NYK']"
0022500917,2026-03-07T00:00:00,"[('ATL', 6.9), ('PHI', 5.66)]",ATL,ATL,"['ATL', 'PHI']"
0022500912,2026-03-06T00:00:00,"[('PHX', 12.64), ('NOP', 5.84)]",PHX,PHX,"['PHX', 'NOP']"
0022500924,2026-03-08T00:00:00,"[('TOR', 15.74), ('DAL', 5.46)]",TOR,TOR,"['TOR', 'DAL']"
0022500932,2026-03-09T00:00:00,"[('BKN', 3.14), ('MEM', 15.88)]",MEM,BKN,"['BKN', 'MEM']"
0022500925,2026-03-08T00:00:00,"[('NOP', 14.84), ('WAS', 1.49)]",NOP,NOP,"['NOP', 'WAS']"
0022500923,2026-03-08T00:00:00,"[('MIA', 8.08), ('DET', 15.53)]",DET,MIA,"['MIA', 'DET']"
0022500921,2026-03-08T00:00:00,"[('BOS', 12.89), ('CLE', 7.65)]",BOS,BOS,"['BOS', 'CLE']"
0022500907,2026-03-05T00:00:00,"[('NOP', 11.67), ('SAC', 1.8399999999999999)]",NOP,NOP,"['NOP', 'SAC']"
0022500930,2026-03-08T00:00:00,"[('SAC', 3.9), ('CHI', 14.11)]",CHI,SAC,"['SAC', 'CHI']"
0022500911,2026-03-06T00:00:00,"[('NYK', 10.31), ('DEN', 4.06)]",NYK,NYK,"['NYK', 'DEN']"
0022500934,2026-03-09T00:00:00,"[('UTA', 4.7), ('GSW', 14.77)]",GSW,UTA,"['UTA', 'GSW']"
0022500940,2026-03-10T00:00:00,"[('HOU', 13.95), ('TOR', 7.03)]",HOU,HOU,"['HOU', 'TOR']"
0022500935,2026-03-09T00:00:00,"[('LAC', 3.55), ('NYK', 14.88)]",NYK,LAC,"['LAC', 'NYK']"
0022500922,2026-03-08T00:00:00,"[('LAL', 4.66), ('NYK', 14.7)]",NYK,LAL,"['LAL', 'NYK']"
0022500909,2026-03-06T00:00:00,"[('MIA', 10.040000000000001), ('CHA', 10.94)]",CHA,MIA,"['MIA', 'CHA']"
0022500941,2026-03-10T00:00:00,"[('PHX', 16.38), ('MIL', 2.98)]",PHX,PHX,"['PHX', 'MIL']"
0022500947,2026-03-11T00:00:00,"[('ORL', 4.7700000000000005), ('CLE', 7.01)]",CLE,ORL,"['ORL', 'CLE']"
0022500929,2026-03-08T00:00:00,"[('POR', 15.81), ('IND', 5.95)]",POR,POR,"['POR', 'IND']"
0022500931,2026-03-09T00:00:00,"[('CLE', 10.05), ('PHI', 2.67)]",CLE,CLE,"['CLE', 'PHI']"
0022500928,2026-03-08T00:00:00,"[('PHX', 4.95), ('CHA', 13.59)]",CHA,PHX,"['PHX', 'CHA']"
0022500936,2026-03-10T00:00:00,"[('PHI', 5.2700000000000005), ('MEM', 3.85)]",PHI,PHI,"['PHI', 'MEM']"
0022500938,2026-03-10T00:00:00,"[('MIA', 25.79), ('WAS', 1.04)]",MIA,MIA,"['MIA', 'WAS']"
0022500937,2026-03-10T00:00:00,"[('DET', 27.54), ('BKN', 2.91)]",DET,DET,"['DET', 'BKN']"
0022500939,2026-03-10T00:00:00,"[('ATL', 12.08), ('DAL', 4.5)]",ATL,ATL,"['ATL', 'DAL']"
0022500942,2026-03-10T00:00:00,"[('SAS', 8.35), ('BOS', 8.09)]",SAS,SAS,"['SAS', 'BOS']"
0022500943,2026-03-10T00:00:00,"[('CHI', 6.3), ('GSW', 12.69)]",GSW,CHI,"['CHI', 'GSW']"
0022500933,2026-03-09T00:00:00,"[('OKC', 15.08), ('DEN', 5.82)]",OKC,OKC,"['OKC', 'DEN']"
0022500950,2026-03-11T00:00:00,"[('DEN', 6.51), ('HOU', 15.41)]",HOU,DEN,"['DEN', 'HOU']"
0022500952,2026-03-11T00:00:00,"[('LAC', 3.9), ('MIN', 12.22)]",MIN,LAC,"['LAC', 'MIN']"
0022500946,2026-03-10T00:00:00,"[('LAL', 3.61), ('MIN', 10.11)]",MIN,LAL,"['LAL', 'MIN']"
0022500957,2026-03-12T00:00:00,"[('MIA', 22.5), ('MIL', 2.59)]",MIA,MIA,"['MIA', 'MIL']"
0022500955,2026-03-12T00:00:00,"[('ORL', 23.9), ('WAS', 1.6099999999999999)]",ORL,ORL,"['ORL', 'WAS']"
0022500945,2026-03-10T00:00:00,"[('SAC', 5.8), ('IND', 7.12)]",IND,SAC,"['SAC', 'IND']"
0022500948,2026-03-11T00:00:00,"[('NOP', 4.07), ('TOR', 14.2)]",TOR,NOP,"['NOP', 'TOR']"
0022501111,2026-03-12T00:00:00,"[('DAL', 5.55), ('MEM', 10.19)]",MEM,DAL,"['DAL', 'MEM']"
0022500953,2026-03-12T00:00:00,"[('DET', 19.65), ('PHI', 3.64)]",DET,DET,"['DET', 'PHI']"
0022500956,2026-03-12T00:00:00,"[('ATL', 18.63), ('BKN', 4.1)]",ATL,ATL,"['ATL', 'BKN']"
0022500959,2026-03-12T00:00:00,"[('OKC', 10.709999999999999), ('BOS', 8.57)]",OKC,OKC,"['OKC', 'BOS']"
0022500960,2026-03-12T00:00:00,"[('LAL', 13.13), ('CHI', 7.8100000000000005)]",LAL,LAL,"['LAL', 'CHI']"
0022500966,2026-03-13T00:00:00,"[('MIN', 10.19), ('GSW', 5.36)]",MIN,MIN,"['MIN', 'GSW']"
0022500964,2026-03-13T00:00:00,"[('HOU', 20.94), ('NOP', 5.47)]",HOU,HOU,"['HOU', 'NOP']"
0022500968,2026-03-13T00:00:00,"[('LAC', 13.47), ('CHI', 9.22)]",LAC,LAC,"['LAC', 'CHI']"
0022500970,2026-03-14T00:00:00,"[('ATL', 18.04), ('MIL', 2.09)]",ATL,ATL,"['ATL', 'MIL']"
0022500972,2026-03-14T00:00:00,"[('ORL', 5.96), ('MIA', 9.27)]",MIA,ORL,"['ORL', 'MIA']"
0022500954,2026-03-12T00:00:00,"[('PHX', 18.830000000000002), ('IND', 5.39)]",PHX,PHX,"['PHX', 'IND']"
0022500944,2026-03-10T00:00:00,"[('CHA', 16.39), ('POR', 5.3)]",CHA,CHA,"['CHA', 'POR']"
0022500958,2026-03-12T00:00:00,"[('DEN', 2.6), ('SAS', 12.13)]",SAS,DEN,"['DEN', 'SAS']"
0022500963,2026-03-13T00:00:00,"[('TOR', 7.82), ('PHX', 5.16)]",TOR,TOR,"['TOR', 'PHX']"
0022500949,2026-03-11T00:00:00,"[('NYK', 21.169999999999998), ('UTA', 3.57)]",NYK,NYK,"['NYK', 'UTA']"
0022500961,2026-03-13T00:00:00,"[('DET', 21.32), ('MEM', 4.11)]",DET,DET,"['DET', 'MEM']"
0022500971,2026-03-14T00:00:00,"[('BOS', 28.060000000000002), ('WAS', 4.14)]",BOS,BOS,"['BOS', 'WAS']"
0022500965,2026-03-13T00:00:00,"[('CLE', 16.919999999999998), ('DAL', 4.74)]",CLE,CLE,"['CLE', 'DAL']"
0022500981,2026-03-15T00:00:00,"[('NYK', 14.48), ('GSW', 4.9)]",NYK,NYK,"['NYK', 'GSW']"
0022500989,2026-03-16T00:00:00,"[('LAL', 4.78), ('HOU', 14.69)]",HOU,LAL,"['LAL', 'HOU']"
0022500975,2026-03-14T00:00:00,"[('SAC', 4.2), ('LAC', 16.09)]",LAC,SAC,"['SAC', 'LAC']"
0022500974,2026-03-14T00:00:00,"[('LAL', 5.77), ('DEN', 8.98)]",DEN,LAL,"['LAL', 'DEN']"
0022500979,2026-03-15T00:00:00,"[('MIL', 7.53), ('IND', 7.78)]",IND,MIL,"['MIL', 'IND']"
0022500969,2026-03-14T00:00:00,"[('PHI', 16.11), ('BKN', 3.08)]",PHI,PHI,"['PHI', 'BKN']"
0022500983,2026-03-16T00:00:00,"[('ATL', 5.78), ('ORL', 7.81)]",ORL,ATL,"['ATL', 'ORL']"
0022500962,2026-03-13T00:00:00,"[('NYK', 24.25), ('IND', 2.22)]",NYK,NYK,"['NYK', 'IND']"
0022500967,2026-03-13T00:00:00,"[('POR', 13.31), ('UTA', 6.87)]",POR,POR,"['POR', 'UTA']"
0022500951,2026-03-11T00:00:00,"[('CHA', 23.01), ('SAC', 3.77)]",CHA,CHA,"['CHA', 'SAC']"
0022500973,2026-03-14T00:00:00,"[('SAS', 9.9), ('CHA', 5.97)]",SAS,SAS,"['SAS', 'CHA']"
0022500978,2026-03-15T00:00:00,"[('TOR', 4.26), ('DET', 16.27)]",DET,TOR,"['TOR', 'DET']"
0022500987,2026-03-16T00:00:00,"[('CHI', 4.8100000000000005), ('MEM', 7.33)]",MEM,CHI,"['CHI', 'MEM']"
0022500984,2026-03-16T00:00:00,"[('GSW', 21.09), ('WAS', 2.37)]",GSW,GSW,"['GSW', 'WAS']"
0022500986,2026-03-16T00:00:00,"[('BOS', 15.57), ('PHX', 5.29)]",BOS,BOS,"['BOS', 'PHX']"
0022500977,2026-03-15T00:00:00,"[('DAL', 4.58), ('CLE', 17.55)]",CLE,DAL,"['DAL', 'CLE']"
0022501007,2026-03-18T00:00:00,"[('LAL', 5.09), ('HOU', 14.77)]",HOU,LAL,"['LAL', 'HOU']"
0022500990,2026-03-16T00:00:00,"[('SAS', 15.45), ('LAC', 3.0300000000000002)]",SAS,SAS,"['SAS', 'LAC']"
0022500995,2026-03-17T00:00:00,"[('CLE', 21.36), ('MIL', 0.55)]",CLE,CLE,"['CLE', 'MIL']"
0022500976,2026-03-15T00:00:00,"[('OKC', 13.43), ('MIN', 6.5)]",OKC,OKC,"['OKC', 'MIN']"
0022500985,2026-03-16T00:00:00,"[('POR', 15.85), ('BKN', 4.63)]",POR,POR,"['POR', 'BKN']"
0022500992,2026-03-17T00:00:00,"[('OKC', 14.120000000000001), ('ORL', 6.19)]",OKC,OKC,"['OKC', 'ORL']"
0022500980,2026-03-15T00:00:00,"[('PHI', 8.55), ('POR', 6.38)]",PHI,PHI,"['PHI', 'POR']"
0022501002,2026-03-18T00:00:00,"[('TOR', 15.11), ('CHI', 5.03)]",TOR,TOR,"['TOR', 'CHI']"
0022500982,2026-03-15T00:00:00,"[('SAC', 5.46), ('UTA', 9.290000000000001)]",UTA,SAC,"['SAC', 'UTA']"
0022500651,2026-03-18T00:00:00,"[('MEM', 5.97), ('DEN', 13.24)]",DEN,MEM,"['MEM', 'DEN']"
0022500993,2026-03-17T00:00:00,"[('DET', 31.34), ('WAS', 1.83)]",DET,DET,"['DET', 'WAS']"
0022501006,2026-03-18T00:00:00,"[('ATL', 13.290000000000001), ('DAL', 4.08)]",ATL,ATL,"['ATL', 'DAL']"
0022500999,2026-03-18T00:00:00,"[('BOS', 16.64), ('GSW', 6.75)]",BOS,BOS,"['BOS', 'GSW']"
0022500988,2026-03-16T00:00:00,"[('NOP', 6.69), ('DAL', 5.87)]",NOP,NOP,"['NOP', 'DAL']"
0022500997,2026-03-17T00:00:00,"[('DEN', 11.06), ('PHI', 6.81)]",DEN,DEN,"['DEN', 'PHI']"
0022501018,2026-03-20T00:00:00,"[('HOU', 15.08), ('ATL', 8.67)]",HOU,HOU,"['HOU', 'ATL']"
0022501005,2026-03-18T00:00:00,"[('NOP', 7.24), ('LAC', 11.31)]",LAC,NOP,"['NOP', 'LAC']"
0022500991,2026-03-17T00:00:00,"[('CHA', 10.26), ('MIA', 10.96)]",MIA,CHA,"['CHA', 'MIA']"
0022501014,2026-03-19T00:00:00,"[('UTA', 12.02), ('MIL', 8.09)]",UTA,UTA,"['UTA', 'MIL']"
0022500996,2026-03-17T00:00:00,"[('MIN', 9.7), ('PHX', 6.16)]",MIN,MIN,"['MIN', 'PHX']"
0022501000,2026-03-18T00:00:00,"[('OKC', 25.78), ('BKN', 3.55)]",OKC,OKC,"['OKC', 'BKN']"
0022501008,2026-03-19T00:00:00,"[('CHA', 11.22), ('ORL', 7.08)]",CHA,CHA,"['CHA', 'ORL']"
0022500994,2026-03-17T00:00:00,"[('NYK', 24.49), ('IND', 2.12)]",NYK,NYK,"['NYK', 'IND']"
0022500998,2026-03-17T00:00:00,"[('SAS', 24.28), ('SAC', 0.71)]",SAS,SAS,"['SAS', 'SAC']"
0022501021,2026-03-20T00:00:00,"[('DEN', 7.39), ('TOR', 8.38)]",TOR,DEN,"['DEN', 'TOR']"
0022501004,2026-03-18T00:00:00,"[('MIN', 16.55), ('UTA', 3.2800000000000002)]",MIN,MIN,"['MIN', 'UTA']"
0022501019,2026-03-20T00:00:00,"[('BOS', 19.98), ('MEM', 7.2)]",BOS,BOS,"['BOS', 'MEM']"
0022501009,2026-03-19T00:00:00,"[('DET', 31.740000000000002), ('WAS', 1.8)]",DET,DET,"['DET', 'WAS']"
0022501011,2026-03-19T00:00:00,"[('CLE', 14.91), ('CHI', 3.66)]",CLE,CLE,"['CLE', 'CHI']"
0022501017,2026-03-20T00:00:00,"[('DET', 20.23), ('GSW', 4.84)]",DET,DET,"['DET', 'GSW']"
0022501027,2026-03-21T00:00:00,"[('HOU', 12.72), ('MIA', 10.3)]",HOU,HOU,"['HOU', 'MIA']"
0022501012,2026-03-19T00:00:00,"[('NOP', 7.66), ('LAC', 11.0)]",LAC,NOP,"['NOP', 'LAC']"
0022501010,2026-03-19T00:00:00,"[('LAL', 5.9), ('MIA', 13.12)]",MIA,LAL,"['LAL', 'MIA']"
0022501031,2026-03-21T00:00:00,"[('MIL', 2.81), ('PHX', 17.27)]",PHX,MIL,"['MIL', 'PHX']"
0022501016,2026-03-20T00:00:00,"[('NYK', 24.16), ('BKN', 1.08)]",NYK,NYK,"['NYK', 'BKN']"
0022501024,2026-03-21T00:00:00,"[('LAL', 4.35), ('ORL', 7.69)]",ORL,LAL,"['LAL', 'ORL']"
0022501001,2026-03-18T00:00:00,"[('POR', 17.48), ('IND', 5.55)]",POR,POR,"['POR', 'IND']"
0022501015,2026-03-19T00:00:00,"[('PHI', 14.27), ('SAC', 1.52)]",PHI,PHI,"['PHI', 'SAC']"
0022501013,2026-03-19T00:00:00,"[('SAS', 16.17), ('PHX', 4.8)]",SAS,SAS,"['SAS', 'PHX']"
0022501036,2026-03-22T00:00:00,"[('PHX', 4.51), ('TOR', 8.79)]",TOR,PHX,"['PHX', 'TOR']"
0022501023,2026-03-21T00:00:00,"[('CHA', 16.62), ('MEM', 5.97)]",CHA,CHA,"['CHA', 'MEM']"
0022501022,2026-03-21T00:00:00,"[('OKC', 28.85), ('WAS', 2.3)]",OKC,OKC,"['OKC', 'WAS']"
